<?xml version="1.0" encoding="UTF-8"?>
<metadata xml:lang="es"><Esri><CreaDate>20210507</CreaDate><CreaTime>20331700</CreaTime><ArcGISFormat>1.0</ArcGISFormat><SyncOnce>FALSE</SyncOnce><DataProperties><itemProps><itemName Sync="TRUE">Drenaje</itemName><imsContentType Sync="TRUE">002</imsContentType><itemSize Sync="TRUE">0.000</itemSize><itemLocation><linkage Sync="TRUE">file://\\MOSPINP1\Users\rmontesc\Anaconda3\envs\pascaldash\APPaldo\Drenaje</linkage><protocol Sync="TRUE">Local Area Network</protocol></itemLocation></itemProps><coordRef><type Sync="TRUE">Geographic</type><geogcsn Sync="TRUE">GCS_WGS_1984</geogcsn><csUnits Sync="TRUE">Angular Unit: Degree (0.017453)</csUnits><peXml Sync="TRUE">&lt;GeographicCoordinateSystem xsi:type='typens:GeographicCoordinateSystem' xmlns:xsi='http://www.w3.org/2001/XMLSchema-instance' xmlns:xs='http://www.w3.org/2001/XMLSchema' xmlns:typens='http://www.esri.com/schemas/ArcGIS/10.7'&gt;&lt;WKT&gt;GEOGCS[&amp;quot;GCS_WGS_1984&amp;quot;,DATUM[&amp;quot;D_WGS_1984&amp;quot;,SPHEROID[&amp;quot;WGS_1984&amp;quot;,6378137.0,298.257223563]],PRIMEM[&amp;quot;Greenwich&amp;quot;,0.0],UNIT[&amp;quot;Degree&amp;quot;,0.0174532925199433],AUTHORITY[&amp;quot;EPSG&amp;quot;,4326]]&lt;/WKT&gt;&lt;XOrigin&gt;-399.99999999999989&lt;/XOrigin&gt;&lt;YOrigin&gt;-399.99999999999989&lt;/YOrigin&gt;&lt;XYScale&gt;11258999068426.24&lt;/XYScale&gt;&lt;ZOrigin&gt;-100000&lt;/ZOrigin&gt;&lt;ZScale&gt;10000&lt;/ZScale&gt;&lt;MOrigin&gt;-100000&lt;/MOrigin&gt;&lt;MScale&gt;10000&lt;/MScale&gt;&lt;XYTolerance&gt;8.9831528411952133e-09&lt;/XYTolerance&gt;&lt;ZTolerance&gt;0.001&lt;/ZTolerance&gt;&lt;MTolerance&gt;0.001&lt;/MTolerance&gt;&lt;HighPrecision&gt;true&lt;/HighPrecision&gt;&lt;LeftLongitude&gt;-180&lt;/LeftLongitude&gt;&lt;WKID&gt;4326&lt;/WKID&gt;&lt;LatestWKID&gt;4326&lt;/LatestWKID&gt;&lt;/GeographicCoordinateSystem&gt;</peXml></coordRef><lineage><Process ToolSource="c:\program files (x86)\arcgis\desktop10.7\ArcToolbox\Toolboxes\Data Management Tools.tbx\Merge" Date="20210507" Time="110608">Merge Drenaje\V_CANAL;Drenaje\V_DRENAJE;Drenaje\VSCORRIENTE D:\EEPeI\Identificaciones\ColectoresSabaneta\final\shp\Drenaje.shp "ID "ID" true true false 10 Long 0 10 ,First,#,Drenaje\V_CANAL,ID,-1,-1,Drenaje\V_DRENAJE,ID,-1,-1;G3E_FNO "G3E_FNO" true true false 5 Long 0 5 ,First,#,Drenaje\V_CANAL,G3E_FNO,-1,-1,Drenaje\V_DRENAJE,G3E_FNO,-1,-1,Drenaje\VSCORRIENTE,G3E_FNO,-1,-1;G3E_CNO "G3E_CNO" true true false 5 Long 0 5 ,First,#,Drenaje\V_CANAL,G3E_CNO,-1,-1,Drenaje\V_DRENAJE,G3E_CNO,-1,-1,Drenaje\VSCORRIENTE,G3E_CNO,-1,-1;G3E_FID "G3E_FID" true true false 10 Long 0 10 ,First,#,Drenaje\V_CANAL,G3E_FID,-1,-1,Drenaje\V_DRENAJE,G3E_FID,-1,-1,Drenaje\VSCORRIENTE,G3E_FID,-1,-1;G3E_CID "G3E_CID" true true false 5 Long 0 5 ,First,#,Drenaje\V_CANAL,G3E_CID,-1,-1,Drenaje\V_DRENAJE,G3E_CID,-1,-1,Drenaje\VSCORRIENTE,G3E_CID,-1,-1;G3E_ID "G3E_ID" true true false 10 Long 0 10 ,First,#,Drenaje\V_CANAL,G3E_ID,-1,-1,Drenaje\V_DRENAJE,G3E_ID,-1,-1,Drenaje\VSCORRIENTE,G3E_ID,-1,-1;G3E_STYLEI "G3E_STYLEI" true true false 10 Long 0 10 ,First,#,Drenaje\VSCORRIENTE,G3E_STYLEI,-1,-1;IPID "IPID" true true false 10 Long 0 10 ,First,#,Drenaje\VSCORRIENTE,IPID,-1,-1;ESTADO "ESTADO" true true false 255 Text 0 0 ,First,#,Drenaje\VSCORRIENTE,ESTADO,-1,-1;GRUPO "GRUPO" true true false 255 Text 0 0 ,First,#,Drenaje\VSCORRIENTE,GRUPO,-1,-1;PROPIETARI "PROPIETARI" true true false 255 Text 0 0 ,First,#,Drenaje\VSCORRIENTE,PROPIETARI,-1,-1;OPERADOR "OPERADOR" true true false 255 Text 0 0 ,First,#,Drenaje\VSCORRIENTE,OPERADOR,-1,-1;EMPRESA "EMPRESA" true true false 255 Text 0 0 ,First,#,Drenaje\VSCORRIENTE,EMPRESA,-1,-1;COD_MUNICI "COD_MUNICI" true true false 255 Text 0 0 ,First,#,Drenaje\VSCORRIENTE,COD_MUNICI,-1,-1;COD_DEPART "COD_DEPART" true true false 255 Text 0 0 ,First,#,Drenaje\VSCORRIENTE,COD_DEPART,-1,-1;COD_PAIS "COD_PAIS" true true false 255 Text 0 0 ,First,#,Drenaje\VSCORRIENTE,COD_PAIS,-1,-1;TIPO_AGUA "TIPO_AGUA" true true false 255 Text 0 0 ,First,#,Drenaje\VSCORRIENTE,TIPO_AGUA,-1,-1;TIPO_CORRI "TIPO_CORRI" true true false 255 Text 0 0 ,First,#,Drenaje\VSCORRIENTE,TIPO_CORRI,-1,-1;NOMBRE_COR "NOMBRE_COR" true true false 255 Text 0 0 ,First,#,Drenaje\VSCORRIENTE,NOMBRE_COR,-1,-1;LONGITUD "LONGITUD" true true false 24 Double 0 0 ,First,#,Drenaje\VSCORRIENTE,LONGITUD,-1,-1;CUENCA "CUENCA" true true false 255 Text 0 0 ,First,#,Drenaje\VSCORRIENTE,CUENCA,-1,-1;CONDICION_ "CONDICION_" true true false 255 Text 0 0 ,First,#,Drenaje\VSCORRIENTE,CONDICION_,-1,-1;ALTURA_EST "ALTURA_EST" true true false 24 Double 0 0 ,First,#,Drenaje\VSCORRIENTE,ALTURA_EST,-1,-1;ANCHO_ESTR "ANCHO_ESTR" true true false 24 Double 0 0 ,First,#,Drenaje\VSCORRIENTE,ANCHO_ESTR,-1,-1;MATERIAL_E "MATERIAL_E" true true false 50 Text 0 0 ,First,#,Drenaje\VSCORRIENTE,MATERIAL_E,-1,-1;PROFUNDIDA "PROFUNDIDA" true true false 24 Double 0 0 ,First,#,Drenaje\VSCORRIENTE,PROFUNDIDA,-1,-1;DIAMETRO "DIAMETRO" true true false 5 Long 0 5 ,First,#,Drenaje\VSCORRIENTE,DIAMETRO,-1,-1;CONSTRUCTO "CONSTRUCTO" true true false 50 Text 0 0 ,First,#,Drenaje\VSCORRIENTE,CONSTRUCTO,-1,-1;POLIZA "POLIZA" true true false 50 Text 0 0 ,First,#,Drenaje\VSCORRIENTE,POLIZA,-1,-1;FECHA_INIC "FECHA_INIC" true true false 8 Date 0 0 ,First,#,Drenaje\VSCORRIENTE,FECHA_INIC,-1,-1;PLAZO "PLAZO" true true false 50 Text 0 0 ,First,#,Drenaje\VSCORRIENTE,PLAZO,-1,-1;SUBESTADO "SUBESTADO" true true false 50 Text 0 0 ,First,#,Drenaje\VSCORRIENTE,SUBESTADO,-1,-1;OBSERVACIO "OBSERVACIO" true true false 255 Text 0 0 ,First,#,Drenaje\VSCORRIENTE,OBSERVACIO,-1,-1;UBICACION "UBICACION" true true false 255 Text 0 0 ,First,#,Drenaje\VSCORRIENTE,UBICACION,-1,-1;JOB_COLOCA "JOB_COLOCA" true true false 30 Text 0 0 ,First,#,Drenaje\VSCORRIENTE,JOB_COLOCA,-1,-1;FECHA_COLO "FECHA_COLO" true true false 8 Date 0 0 ,First,#,Drenaje\VSCORRIENTE,FECHA_COLO,-1,-1;USUARIO_CO "USUARIO_CO" true true false 12 Text 0 0 ,First,#,Drenaje\VSCORRIENTE,USUARIO_CO,-1,-1;JOB_MODIFI "JOB_MODIFI" true true false 30 Text 0 0 ,First,#,Drenaje\VSCORRIENTE,JOB_MODIFI,-1,-1;FECHA_MODI "FECHA_MODI" true true false 8 Date 0 0 ,First,#,Drenaje\VSCORRIENTE,FECHA_MODI,-1,-1;USUARIO_MO "USUARIO_MO" true true false 12 Text 0 0 ,First,#,Drenaje\VSCORRIENTE,USUARIO_MO,-1,-1;FECHA_INST "FECHA_INST" true true false 8 Date 0 0 ,First,#,Drenaje\VSCORRIENTE,FECHA_INST,-1,-1;PROYECTO_U "PROYECTO_U" true true false 30 Text 0 0 ,First,#,Drenaje\VSCORRIENTE,PROYECTO_U,-1,-1;CONTRATO_I "CONTRATO_I" true true false 30 Text 0 0 ,First,#,Drenaje\VSCORRIENTE,CONTRATO_I,-1,-1;FECHA_OPER "FECHA_OPER" true true false 8 Date 0 0 ,First,#,Drenaje\VSCORRIENTE,FECHA_OPER,-1,-1;ESTADO_OPE "ESTADO_OPE" true true false 50 Text 0 0 ,First,#,Drenaje\VSCORRIENTE,ESTADO_OPE,-1,-1;NODO1_ID "NODO1_ID" true true false 10 Long 0 10 ,First,#,Drenaje\VSCORRIENTE,NODO1_ID,-1,-1;NODO2_ID "NODO2_ID" true true false 10 Long 0 10 ,First,#,Drenaje\VSCORRIENTE,NODO2_ID,-1,-1;COTA_BATEA "COTA_BATEA" true true false 24 Double 0 0 ,First,#,Drenaje\VSCORRIENTE,COTA_BATEA,-1,-1;COTA_BATE1 "COTA_BATE1" true true false 24 Double 0 0 ,First,#,Drenaje\VSCORRIENTE,COTA_BATE1,-1,-1;RED_MATRIZ "RED_MATRIZ" true true false 2 Text 0 0 ,First,#,Drenaje\VSCORRIENTE,RED_MATRIZ,-1,-1;PAIS "PAIS" true true false 50 Text 0 0 ,First,#,Drenaje\VSCORRIENTE,PAIS,-1,-1;DEPARTAMEN "DEPARTAMEN" true true false 60 Text 0 0 ,First,#,Drenaje\VSCORRIENTE,DEPARTAMEN,-1,-1;MUNICIPIO "MUNICIPIO" true true false 60 Text 0 0 ,First,#,Drenaje\VSCORRIENTE,MUNICIPIO,-1,-1"</Process><Process ToolSource="c:\program files (x86)\arcgis\desktop10.7\ArcToolbox\Toolboxes\Data Management Tools.tbx\CalculateField" Date="20210507" Time="110717">CalculateField Final\Drenaje ID [FID] VB #</Process></lineage><copyHistory><copy source="D:\EEPeI\Identificaciones\ColectoresSabaneta\final\shp\Drenaje" dest="\\MOSPINP1\Users\rmontesc\Anaconda3\envs\pascaldash\APPaldo\Drenaje" date="20210507" time="20331700"></copy></copyHistory></DataProperties><SyncDate>20210507</SyncDate><SyncTime>11060400</SyncTime><ModDate>20210507</ModDate><ModTime>11060400</ModTime></Esri><dataIdInfo><envirDesc Sync="TRUE"> Version 6.2 (Build 9200) ; Esri ArcGIS 10.7.1.11595</envirDesc><dataLang><languageCode value="spa" Sync="TRUE"></languageCode><countryCode value="COL" Sync="TRUE"></countryCode></dataLang><idCitation><resTitle Sync="TRUE">Drenaje</resTitle><presForm><PresFormCd value="005" Sync="TRUE"></PresFormCd></presForm></idCitation><spatRpType><SpatRepTypCd value="001" Sync="TRUE"></SpatRepTypCd></spatRpType></dataIdInfo><mdLang><languageCode value="spa" Sync="TRUE"></languageCode><countryCode value="COL" Sync="TRUE"></countryCode></mdLang><mdChar><CharSetCd value="004" Sync="TRUE"></CharSetCd></mdChar><distInfo><distFormat><formatName Sync="TRUE">Shapefile</formatName></distFormat><distTranOps><transSize Sync="TRUE">0.000</transSize></distTranOps></distInfo><mdHrLv><ScopeCd value="005" Sync="TRUE"></ScopeCd></mdHrLv><mdHrLvName Sync="TRUE">dataset</mdHrLvName><refSysInfo><RefSystem><refSysID><identCode code="4326" Sync="TRUE"></identCode><idCodeSpace Sync="TRUE">EPSG</idCodeSpace><idVersion Sync="TRUE">6.14(3.0.1)</idVersion></refSysID></RefSystem></refSysInfo><spatRepInfo><VectSpatRep><geometObjs Name="Drenaje"><geoObjTyp><GeoObjTypCd value="002" Sync="TRUE"></GeoObjTypCd></geoObjTyp><geoObjCnt Sync="TRUE">0</geoObjCnt></geometObjs><topLvl><TopoLevCd value="001" Sync="TRUE"></TopoLevCd></topLvl></VectSpatRep></spatRepInfo><spdoinfo><ptvctinf><esriterm Name="Drenaje"><efeatyp Sync="TRUE">Simple</efeatyp><efeageom code="3" Sync="TRUE"></efeageom><esritopo Sync="TRUE">FALSE</esritopo><efeacnt Sync="TRUE">0</efeacnt><spindex Sync="TRUE">FALSE</spindex><linrefer Sync="TRUE">FALSE</linrefer></esriterm></ptvctinf></spdoinfo><eainfo><detailed Name="Drenaje"><enttyp><enttypl Sync="TRUE">Drenaje</enttypl><enttypt Sync="TRUE">Feature Class</enttypt><enttypc Sync="TRUE">0</enttypc></enttyp><attr><attrlabl Sync="TRUE">FID</attrlabl><attalias Sync="TRUE">FID</attalias><attrtype Sync="TRUE">OID</attrtype><attwidth Sync="TRUE">4</attwidth><atprecis Sync="TRUE">0</atprecis><attscale Sync="TRUE">0</attscale><attrdef Sync="TRUE">Internal feature number.</attrdef><attrdefs Sync="TRUE">Esri</attrdefs><attrdomv><udom Sync="TRUE">Sequential unique whole numbers that are automatically generated.</udom></attrdomv></attr><attr><attrlabl Sync="TRUE">Shape</attrlabl><attalias Sync="TRUE">Shape</attalias><attrtype Sync="TRUE">Geometry</attrtype><attwidth Sync="TRUE">0</attwidth><atprecis Sync="TRUE">0</atprecis><attscale Sync="TRUE">0</attscale><attrdef Sync="TRUE">Feature geometry.</attrdef><attrdefs Sync="TRUE">Esri</attrdefs><attrdomv><udom Sync="TRUE">Coordinates defining the features.</udom></attrdomv></attr><attr><attrlabl Sync="TRUE">ID</attrlabl><attalias Sync="TRUE">ID</attalias><attrtype Sync="TRUE">Integer</attrtype><attwidth Sync="TRUE">10</attwidth><atprecis Sync="TRUE">10</atprecis><attscale Sync="TRUE">0</attscale></attr><attr><attrlabl Sync="TRUE">G3E_FNO</attrlabl><attalias Sync="TRUE">G3E_FNO</attalias><attrtype Sync="TRUE">Integer</attrtype><attwidth Sync="TRUE">5</attwidth><atprecis Sync="TRUE">5</atprecis><attscale Sync="TRUE">0</attscale></attr><attr><attrlabl Sync="TRUE">G3E_CNO</attrlabl><attalias Sync="TRUE">G3E_CNO</attalias><attrtype Sync="TRUE">Integer</attrtype><attwidth Sync="TRUE">5</attwidth><atprecis Sync="TRUE">5</atprecis><attscale Sync="TRUE">0</attscale></attr><attr><attrlabl Sync="TRUE">G3E_FID</attrlabl><attalias Sync="TRUE">G3E_FID</attalias><attrtype Sync="TRUE">Integer</attrtype><attwidth Sync="TRUE">10</attwidth><atprecis Sync="TRUE">10</atprecis><attscale Sync="TRUE">0</attscale></attr><attr><attrlabl Sync="TRUE">G3E_CID</attrlabl><attalias Sync="TRUE">G3E_CID</attalias><attrtype Sync="TRUE">Integer</attrtype><attwidth Sync="TRUE">5</attwidth><atprecis Sync="TRUE">5</atprecis><attscale Sync="TRUE">0</attscale></attr><attr><attrlabl Sync="TRUE">G3E_ID</attrlabl><attalias Sync="TRUE">G3E_ID</attalias><attrtype Sync="TRUE">Integer</attrtype><attwidth Sync="TRUE">10</attwidth><atprecis Sync="TRUE">10</atprecis><attscale Sync="TRUE">0</attscale></attr><attr><attrlabl Sync="TRUE">G3E_STYLEI</attrlabl><attalias Sync="TRUE">G3E_STYLEI</attalias><attrtype Sync="TRUE">Integer</attrtype><attwidth Sync="TRUE">10</attwidth><atprecis Sync="TRUE">10</atprecis><attscale Sync="TRUE">0</attscale></attr><attr><attrlabl Sync="TRUE">IPID</attrlabl><attalias Sync="TRUE">IPID</attalias><attrtype Sync="TRUE">Integer</attrtype><attwidth Sync="TRUE">10</attwidth><atprecis Sync="TRUE">10</atprecis><attscale Sync="TRUE">0</attscale></attr><attr><attrlabl Sync="TRUE">ESTADO</attrlabl><attalias Sync="TRUE">ESTADO</attalias><attrtype Sync="TRUE">String</attrtype><attwidth Sync="TRUE">254</attwidth><atprecis Sync="TRUE">0</atprecis><attscale Sync="TRUE">0</attscale></attr><attr><attrlabl Sync="TRUE">GRUPO</attrlabl><attalias Sync="TRUE">GRUPO</attalias><attrtype Sync="TRUE">String</attrtype><attwidth Sync="TRUE">254</attwidth><atprecis Sync="TRUE">0</atprecis><attscale Sync="TRUE">0</attscale></attr><attr><attrlabl Sync="TRUE">PROPIETARI</attrlabl><attalias Sync="TRUE">PROPIETARI</attalias><attrtype Sync="TRUE">String</attrtype><attwidth Sync="TRUE">254</attwidth><atprecis Sync="TRUE">0</atprecis><attscale Sync="TRUE">0</attscale></attr><attr><attrlabl Sync="TRUE">OPERADOR</attrlabl><attalias Sync="TRUE">OPERADOR</attalias><attrtype Sync="TRUE">String</attrtype><attwidth Sync="TRUE">254</attwidth><atprecis Sync="TRUE">0</atprecis><attscale Sync="TRUE">0</attscale></attr><attr><attrlabl Sync="TRUE">EMPRESA</attrlabl><attalias Sync="TRUE">EMPRESA</attalias><attrtype Sync="TRUE">String</attrtype><attwidth Sync="TRUE">254</attwidth><atprecis Sync="TRUE">0</atprecis><attscale Sync="TRUE">0</attscale></attr><attr><attrlabl Sync="TRUE">COD_MUNICI</attrlabl><attalias Sync="TRUE">COD_MUNICI</attalias><attrtype Sync="TRUE">String</attrtype><attwidth Sync="TRUE">254</attwidth><atprecis Sync="TRUE">0</atprecis><attscale Sync="TRUE">0</attscale></attr><attr><attrlabl Sync="TRUE">COD_DEPART</attrlabl><attalias Sync="TRUE">COD_DEPART</attalias><attrtype Sync="TRUE">String</attrtype><attwidth Sync="TRUE">254</attwidth><atprecis Sync="TRUE">0</atprecis><attscale Sync="TRUE">0</attscale></attr><attr><attrlabl Sync="TRUE">COD_PAIS</attrlabl><attalias Sync="TRUE">COD_PAIS</attalias><attrtype Sync="TRUE">String</attrtype><attwidth Sync="TRUE">254</attwidth><atprecis Sync="TRUE">0</atprecis><attscale Sync="TRUE">0</attscale></attr><attr><attrlabl Sync="TRUE">TIPO_AGUA</attrlabl><attalias Sync="TRUE">TIPO_AGUA</attalias><attrtype Sync="TRUE">String</attrtype><attwidth Sync="TRUE">254</attwidth><atprecis Sync="TRUE">0</atprecis><attscale Sync="TRUE">0</attscale></attr><attr><attrlabl Sync="TRUE">TIPO_CORRI</attrlabl><attalias Sync="TRUE">TIPO_CORRI</attalias><attrtype Sync="TRUE">String</attrtype><attwidth Sync="TRUE">254</attwidth><atprecis Sync="TRUE">0</atprecis><attscale Sync="TRUE">0</attscale></attr><attr><attrlabl Sync="TRUE">NOMBRE_COR</attrlabl><attalias Sync="TRUE">NOMBRE_COR</attalias><attrtype Sync="TRUE">String</attrtype><attwidth Sync="TRUE">254</attwidth><atprecis Sync="TRUE">0</atprecis><attscale Sync="TRUE">0</attscale></attr><attr><attrlabl Sync="TRUE">LONGITUD</attrlabl><attalias Sync="TRUE">LONGITUD</attalias><attrtype Sync="TRUE">Double</attrtype><attwidth Sync="TRUE">19</attwidth><atprecis Sync="TRUE">0</atprecis><attscale Sync="TRUE">0</attscale></attr><attr><attrlabl Sync="TRUE">CUENCA</attrlabl><attalias Sync="TRUE">CUENCA</attalias><attrtype Sync="TRUE">String</attrtype><attwidth Sync="TRUE">254</attwidth><atprecis Sync="TRUE">0</atprecis><attscale Sync="TRUE">0</attscale></attr><attr><attrlabl Sync="TRUE">CONDICION_</attrlabl><attalias Sync="TRUE">CONDICION_</attalias><attrtype Sync="TRUE">String</attrtype><attwidth Sync="TRUE">254</attwidth><atprecis Sync="TRUE">0</atprecis><attscale Sync="TRUE">0</attscale></attr><attr><attrlabl Sync="TRUE">ALTURA_EST</attrlabl><attalias Sync="TRUE">ALTURA_EST</attalias><attrtype Sync="TRUE">Double</attrtype><attwidth Sync="TRUE">19</attwidth><atprecis Sync="TRUE">0</atprecis><attscale Sync="TRUE">0</attscale></attr><attr><attrlabl Sync="TRUE">ANCHO_ESTR</attrlabl><attalias Sync="TRUE">ANCHO_ESTR</attalias><attrtype Sync="TRUE">Double</attrtype><attwidth Sync="TRUE">19</attwidth><atprecis Sync="TRUE">0</atprecis><attscale Sync="TRUE">0</attscale></attr><attr><attrlabl Sync="TRUE">MATERIAL_E</attrlabl><attalias Sync="TRUE">MATERIAL_E</attalias><attrtype Sync="TRUE">String</attrtype><attwidth Sync="TRUE">50</attwidth><atprecis Sync="TRUE">0</atprecis><attscale Sync="TRUE">0</attscale></attr><attr><attrlabl Sync="TRUE">PROFUNDIDA</attrlabl><attalias Sync="TRUE">PROFUNDIDA</attalias><attrtype Sync="TRUE">Double</attrtype><attwidth Sync="TRUE">19</attwidth><atprecis Sync="TRUE">0</atprecis><attscale Sync="TRUE">0</attscale></attr><attr><attrlabl Sync="TRUE">DIAMETRO</attrlabl><attalias Sync="TRUE">DIAMETRO</attalias><attrtype Sync="TRUE">Integer</attrtype><attwidth Sync="TRUE">5</attwidth><atprecis Sync="TRUE">5</atprecis><attscale Sync="TRUE">0</attscale></attr><attr><attrlabl Sync="TRUE">CONSTRUCTO</attrlabl><attalias Sync="TRUE">CONSTRUCTO</attalias><attrtype Sync="TRUE">String</attrtype><attwidth Sync="TRUE">50</attwidth><atprecis Sync="TRUE">0</atprecis><attscale Sync="TRUE">0</attscale></attr><attr><attrlabl Sync="TRUE">POLIZA</attrlabl><attalias Sync="TRUE">POLIZA</attalias><attrtype Sync="TRUE">String</attrtype><attwidth Sync="TRUE">50</attwidth><atprecis Sync="TRUE">0</atprecis><attscale Sync="TRUE">0</attscale></attr><attr><attrlabl Sync="TRUE">FECHA_INIC</attrlabl><attalias Sync="TRUE">FECHA_INIC</attalias><attrtype Sync="TRUE">Date</attrtype><attwidth Sync="TRUE">8</attwidth><atprecis Sync="TRUE">0</atprecis><attscale Sync="TRUE">0</attscale></attr><attr><attrlabl Sync="TRUE">PLAZO</attrlabl><attalias Sync="TRUE">PLAZO</attalias><attrtype Sync="TRUE">String</attrtype><attwidth Sync="TRUE">50</attwidth><atprecis Sync="TRUE">0</atprecis><attscale Sync="TRUE">0</attscale></attr><attr><attrlabl Sync="TRUE">SUBESTADO</attrlabl><attalias Sync="TRUE">SUBESTADO</attalias><attrtype Sync="TRUE">String</attrtype><attwidth Sync="TRUE">50</attwidth><atprecis Sync="TRUE">0</atprecis><attscale Sync="TRUE">0</attscale></attr><attr><attrlabl Sync="TRUE">OBSERVACIO</attrlabl><attalias Sync="TRUE">OBSERVACIO</attalias><attrtype Sync="TRUE">String</attrtype><attwidth Sync="TRUE">254</attwidth><atprecis Sync="TRUE">0</atprecis><attscale Sync="TRUE">0</attscale></attr><attr><attrlabl Sync="TRUE">UBICACION</attrlabl><attalias Sync="TRUE">UBICACION</attalias><attrtype Sync="TRUE">String</attrtype><attwidth Sync="TRUE">254</attwidth><atprecis Sync="TRUE">0</atprecis><attscale Sync="TRUE">0</attscale></attr><attr><attrlabl Sync="TRUE">JOB_COLOCA</attrlabl><attalias Sync="TRUE">JOB_COLOCA</attalias><attrtype Sync="TRUE">String</attrtype><attwidth Sync="TRUE">30</attwidth><atprecis Sync="TRUE">0</atprecis><attscale Sync="TRUE">0</attscale></attr><attr><attrlabl Sync="TRUE">FECHA_COLO</attrlabl><attalias Sync="TRUE">FECHA_COLO</attalias><attrtype Sync="TRUE">Date</attrtype><attwidth Sync="TRUE">8</attwidth><atprecis Sync="TRUE">0</atprecis><attscale Sync="TRUE">0</attscale></attr><attr><attrlabl Sync="TRUE">USUARIO_CO</attrlabl><attalias Sync="TRUE">USUARIO_CO</attalias><attrtype Sync="TRUE">String</attrtype><attwidth Sync="TRUE">12</attwidth><atprecis Sync="TRUE">0</atprecis><attscale Sync="TRUE">0</attscale></attr><attr><attrlabl Sync="TRUE">JOB_MODIFI</attrlabl><attalias Sync="TRUE">JOB_MODIFI</attalias><attrtype Sync="TRUE">String</attrtype><attwidth Sync="TRUE">30</attwidth><atprecis Sync="TRUE">0</atprecis><attscale Sync="TRUE">0</attscale></attr><attr><attrlabl Sync="TRUE">FECHA_MODI</attrlabl><attalias Sync="TRUE">FECHA_MODI</attalias><attrtype Sync="TRUE">Date</attrtype><attwidth Sync="TRUE">8</attwidth><atprecis Sync="TRUE">0</atprecis><attscale Sync="TRUE">0</attscale></attr><attr><attrlabl Sync="TRUE">USUARIO_MO</attrlabl><attalias Sync="TRUE">USUARIO_MO</attalias><attrtype Sync="TRUE">String</attrtype><attwidth Sync="TRUE">12</attwidth><atprecis Sync="TRUE">0</atprecis><attscale Sync="TRUE">0</attscale></attr><attr><attrlabl Sync="TRUE">FECHA_INST</attrlabl><attalias Sync="TRUE">FECHA_INST</attalias><attrtype Sync="TRUE">Date</attrtype><attwidth Sync="TRUE">8</attwidth><atprecis Sync="TRUE">0</atprecis><attscale Sync="TRUE">0</attscale></attr><attr><attrlabl Sync="TRUE">PROYECTO_U</attrlabl><attalias Sync="TRUE">PROYECTO_U</attalias><attrtype Sync="TRUE">String</attrtype><attwidth Sync="TRUE">30</attwidth><atprecis Sync="TRUE">0</atprecis><attscale Sync="TRUE">0</attscale></attr><attr><attrlabl Sync="TRUE">CONTRATO_I</attrlabl><attalias Sync="TRUE">CONTRATO_I</attalias><attrtype Sync="TRUE">String</attrtype><attwidth Sync="TRUE">30</attwidth><atprecis Sync="TRUE">0</atprecis><attscale Sync="TRUE">0</attscale></attr><attr><attrlabl Sync="TRUE">FECHA_OPER</attrlabl><attalias Sync="TRUE">FECHA_OPER</attalias><attrtype Sync="TRUE">Date</attrtype><attwidth Sync="TRUE">8</attwidth><atprecis Sync="TRUE">0</atprecis><attscale Sync="TRUE">0</attscale></attr><attr><attrlabl Sync="TRUE">ESTADO_OPE</attrlabl><attalias Sync="TRUE">ESTADO_OPE</attalias><attrtype Sync="TRUE">String</attrtype><attwidth Sync="TRUE">50</attwidth><atprecis Sync="TRUE">0</atprecis><attscale Sync="TRUE">0</attscale></attr><attr><attrlabl Sync="TRUE">NODO1_ID</attrlabl><attalias Sync="TRUE">NODO1_ID</attalias><attrtype Sync="TRUE">Integer</attrtype><attwidth Sync="TRUE">10</attwidth><atprecis Sync="TRUE">10</atprecis><attscale Sync="TRUE">0</attscale></attr><attr><attrlabl Sync="TRUE">NODO2_ID</attrlabl><attalias Sync="TRUE">NODO2_ID</attalias><attrtype Sync="TRUE">Integer</attrtype><attwidth Sync="TRUE">10</attwidth><atprecis Sync="TRUE">10</atprecis><attscale Sync="TRUE">0</attscale></attr><attr><attrlabl Sync="TRUE">COTA_BATEA</attrlabl><attalias Sync="TRUE">COTA_BATEA</attalias><attrtype Sync="TRUE">Double</attrtype><attwidth Sync="TRUE">19</attwidth><atprecis Sync="TRUE">0</atprecis><attscale Sync="TRUE">0</attscale></attr><attr><attrlabl Sync="TRUE">COTA_BATE1</attrlabl><attalias Sync="TRUE">COTA_BATE1</attalias><attrtype Sync="TRUE">Double</attrtype><attwidth Sync="TRUE">19</attwidth><atprecis Sync="TRUE">0</atprecis><attscale Sync="TRUE">0</attscale></attr><attr><attrlabl Sync="TRUE">RED_MATRIZ</attrlabl><attalias Sync="TRUE">RED_MATRIZ</attalias><attrtype Sync="TRUE">String</attrtype><attwidth Sync="TRUE">2</attwidth><atprecis Sync="TRUE">0</atprecis><attscale Sync="TRUE">0</attscale></attr><attr><attrlabl Sync="TRUE">PAIS</attrlabl><attalias Sync="TRUE">PAIS</attalias><attrtype Sync="TRUE">String</attrtype><attwidth Sync="TRUE">50</attwidth><atprecis Sync="TRUE">0</atprecis><attscale Sync="TRUE">0</attscale></attr><attr><attrlabl Sync="TRUE">DEPARTAMEN</attrlabl><attalias Sync="TRUE">DEPARTAMEN</attalias><attrtype Sync="TRUE">String</attrtype><attwidth Sync="TRUE">60</attwidth><atprecis Sync="TRUE">0</atprecis><attscale Sync="TRUE">0</attscale></attr><attr><attrlabl Sync="TRUE">MUNICIPIO</attrlabl><attalias Sync="TRUE">MUNICIPIO</attalias><attrtype Sync="TRUE">String</attrtype><attwidth Sync="TRUE">60</attwidth><atprecis Sync="TRUE">0</atprecis><attscale Sync="TRUE">0</attscale></attr></detailed></eainfo><mdDateSt Sync="TRUE">20210507</mdDateSt></metadata>
