<?xml version="1.0" encoding="UTF-8"?>
<metadata xml:lang="es"><Esri><CreaDate>20190513</CreaDate><CreaTime>09542700</CreaTime><ArcGISFormat>1.0</ArcGISFormat><SyncOnce>FALSE</SyncOnce><DataProperties><lineage><Process ToolSource="c:\program files (x86)\arcgis\desktop10.2\ArcToolbox\Toolboxes\Data Management Tools.tbx\DefineProjection" Date="20190513" Time="095403">DefineProjection 32_Areas_Residuales_LaMina_MED1600_F6 PROJCS['Medellin_Ant_MAG_LV',GEOGCS['GCS_MAGNA',DATUM['D_MAGNA',SPHEROID['GRS_1980',6378137.0,298.257222101]],PRIMEM['Greenwich',0.0],UNIT['Degree',0.0174532925199433]],PROJECTION['IGAC_Plano_Cartesiano'],PARAMETER['False_Easting',835378.647],PARAMETER['False_Northing',1180816.875],PARAMETER['Scale_Factor',1.0],PARAMETER['Longitude_Of_Center',-75.5648869444444],PARAMETER['Latitude_Of_Center',6.22920888888889],PARAMETER['Height',1600.0],UNIT['Meter',1.0]]</Process><Process ToolSource="c:\program files (x86)\arcgis\desktop10.2\ArcToolbox\Toolboxes\Data Management Tools.tbx\Project" Date="20190513" Time="095428">Project 32_Areas_Residuales_LaMina_MED1600_F6 Y:\3000_Estudios\3250_Evaluacion-Escenarios\325005_32_LaMina\I-T52520039-DPCL-3400-XXX-R0_LA_MINA\32_LA_MINA_F6_R00_DATOS_AUXILIARES\32_Areas_Residuales_LaMina_MGEO_F6.shp GEOGCS['GCS_MAGNA',DATUM['D_MAGNA',SPHEROID['GRS_1980',6378137.0,298.257222101]],PRIMEM['Greenwich',0.0],UNIT['Degree',0.0174532925199433]] # PROJCS['Medellin_Ant_MAG_LV',GEOGCS['GCS_MAGNA',DATUM['D_MAGNA',SPHEROID['GRS_1980',6378137.0,298.257222101]],PRIMEM['Greenwich',0.0],UNIT['Degree',0.0174532925199433]],PROJECTION['IGAC_Plano_Cartesiano'],PARAMETER['False_Easting',835378.647],PARAMETER['False_Northing',1180816.875],PARAMETER['Scale_Factor',1.0],PARAMETER['Longitude_Of_Center',-75.5648869444444],PARAMETER['Latitude_Of_Center',6.22920888888889],PARAMETER['Height',1600.0],UNIT['Meter',1.0]]</Process><Process ToolSource="c:\program files (x86)\arcgis\desktop10.7\ArcToolbox\Toolboxes\Data Management Tools.tbx\Merge" Date="20210507" Time="110210">Merge InformacionModeloLaMina\32_Areas_Residuales_LaMina_MGEO_F6;InformacionModeloLaDoctora\19_Areas_Residuales_La_Doctora_MGEO_F6 D:\EEPeI\Identificaciones\ColectoresSabaneta\final\shp\AreasResidual.shp "ID "ID" true true false 254 Text 0 0 ,First,#,InformacionModeloLaMina\32_Areas_Residuales_LaMina_MGEO_F6,ID,-1,-1,InformacionModeloLaDoctora\19_Areas_Residuales_La_Doctora_MGEO_F6,ID,-1,-1;IPID_TRAMO "IPID_TRAMO" true true false 254 Text 0 0 ,First,#,InformacionModeloLaMina\32_Areas_Residuales_LaMina_MGEO_F6,IPID_TRAMO,-1,-1,InformacionModeloLaDoctora\19_Areas_Residuales_La_Doctora_MGEO_F6,IPID_TRAMO,-1,-1;IPID_DESC "IPID_DESC" true true false 254 Text 0 0 ,First,#,InformacionModeloLaMina\32_Areas_Residuales_LaMina_MGEO_F6,IPID_DESC,-1,-1,InformacionModeloLaDoctora\19_Areas_Residuales_La_Doctora_MGEO_F6,IPID_DESC,-1,-1;IPID_INIC "IPID_INIC" true true false 254 Text 0 0 ,First,#,InformacionModeloLaMina\32_Areas_Residuales_LaMina_MGEO_F6,IPID_INIC,-1,-1,InformacionModeloLaDoctora\19_Areas_Residuales_La_Doctora_MGEO_F6,IPID_INIC,-1,-1;IPID_FIN "IPID_FIN" true true false 20 Text 0 0 ,First,#,InformacionModeloLaMina\32_Areas_Residuales_LaMina_MGEO_F6,IPID_FIN,-1,-1,InformacionModeloLaDoctora\19_Areas_Residuales_La_Doctora_MGEO_F6,IPID_FIN,-1,-1;Q_Sist_lps "Q_Sist_lps" true true false 11 Double 5 10 ,First,#,InformacionModeloLaMina\32_Areas_Residuales_LaMina_MGEO_F6,Q_Sist_lps,-1,-1,InformacionModeloLaDoctora\19_Areas_Residuales_La_Doctora_MGEO_F6,Q_Sist_lps,-1,-1;AREA "AREA" true true false 11 Double 6 10 ,First,#,InformacionModeloLaMina\32_Areas_Residuales_LaMina_MGEO_F6,AREA,-1,-1,InformacionModeloLaDoctora\19_Areas_Residuales_La_Doctora_MGEO_F6,AREA,-1,-1;CUENCA "CUENCA" true true false 10 Text 0 0 ,First,#,InformacionModeloLaMina\32_Areas_Residuales_LaMina_MGEO_F6,CUENCA,-1,-1,InformacionModeloLaDoctora\19_Areas_Residuales_La_Doctora_MGEO_F6,CUENCA,-1,-1;Kcr "Kcr" true true false 11 Double 3 10 ,First,#,InformacionModeloLaMina\32_Areas_Residuales_LaMina_MGEO_F6,Kcr,-1,-1,InformacionModeloLaDoctora\19_Areas_Residuales_La_Doctora_MGEO_F6,Kcr,-1,-1;Q_Calibrad "Q_Calibrad" true true false 11 Double 5 10 ,First,#,InformacionModeloLaMina\32_Areas_Residuales_LaMina_MGEO_F6,Q_Calibrad,-1,-1,InformacionModeloLaDoctora\19_Areas_Residuales_La_Doctora_MGEO_F6,Q_Calibrad,-1,-1;Qp_2027 "Qp_2027" true true false 11 Double 9 10 ,First,#,InformacionModeloLaMina\32_Areas_Residuales_LaMina_MGEO_F6,Qp_2027,-1,-1,InformacionModeloLaDoctora\19_Areas_Residuales_La_Doctora_MGEO_F6,Qp_2027,-1,-1;Qp_2047 "Qp_2047" true true false 11 Double 9 10 ,First,#,InformacionModeloLaMina\32_Areas_Residuales_LaMina_MGEO_F6,Qp_2047,-1,-1,InformacionModeloLaDoctora\19_Areas_Residuales_La_Doctora_MGEO_F6,Qp_2047,-1,-1"</Process><Process ToolSource="c:\program files (x86)\arcgis\desktop10.7\ArcToolbox\Toolboxes\Data Management Tools.tbx\CalculateField" Date="20210507" Time="124400">CalculateField Final\AreasResidual Colector "Sabaneta Norte" VB #</Process><Process ToolSource="c:\program files (x86)\arcgis\desktop10.7\ArcToolbox\Toolboxes\Data Management Tools.tbx\CalculateField" Date="20210507" Time="125032">CalculateField Final\AreasResidual Colector "Sabaneta Norte" VB #</Process><Process ToolSource="c:\program files (x86)\arcgis\desktop10.7\ArcToolbox\Toolboxes\Data Management Tools.tbx\CalculateField" Date="20210507" Time="154128">CalculateField Final\AreasResidual Colector "La Honda" VB #</Process><Process ToolSource="c:\program files (x86)\arcgis\desktop10.7\ArcToolbox\Toolboxes\Data Management Tools.tbx\CalculateField" Date="20210507" Time="154659">CalculateField Final\AreasResidual Colector "La Escuela" VB #</Process><Process ToolSource="c:\program files (x86)\arcgis\desktop10.7\ArcToolbox\Toolboxes\Data Management Tools.tbx\CalculateField" Date="20210507" Time="154753">CalculateField Final\AreasResidual Colector "La Honda" VB #</Process><Process ToolSource="c:\program files (x86)\arcgis\desktop10.7\ArcToolbox\Toolboxes\Data Management Tools.tbx\CalculateField" Date="20210507" Time="154900">CalculateField Final\AreasResidual Colector "La Escuela" VB #</Process><Process ToolSource="c:\program files (x86)\arcgis\desktop10.7\ArcToolbox\Toolboxes\Data Management Tools.tbx\CalculateField" Date="20210507" Time="155200">CalculateField Final\AreasResidual Colector "La Doctora" VB #</Process><Process ToolSource="c:\program files (x86)\arcgis\desktop10.7\ArcToolbox\Toolboxes\Data Management Tools.tbx\CalculateField" Date="20210507" Time="155342">CalculateField Final\AreasResidual Colector "La Honda" VB #</Process><Process ToolSource="c:\program files (x86)\arcgis\desktop10.7\ArcToolbox\Toolboxes\Data Management Tools.tbx\CalculateField" Date="20210507" Time="155438">CalculateField Final\AreasResidual Colector "La Escuela" VB #</Process><Process ToolSource="c:\program files (x86)\arcgis\desktop10.7\ArcToolbox\Toolboxes\Data Management Tools.tbx\CalculateField" Date="20210507" Time="211439">CalculateField AreasResidual ID2 [FID] VB #</Process><Process ToolSource="c:\program files (x86)\arcgis\desktop10.7\ArcToolbox\Toolboxes\Data Management Tools.tbx\CalculateField" Date="20210510" Time="141922">CalculateField AreasResidual name "Areas Residuales" VB #</Process><Process ToolSource="c:\program files (x86)\arcgis\desktop10.7\ArcToolbox\Toolboxes\Data Management Tools.tbx\CalculateField" Date="20210510" Time="142538">CalculateField AreasResidual Leyendas [name] VB #</Process></lineage><itemProps><itemName Sync="TRUE">AreasResidual</itemName><imsContentType Sync="TRUE">002</imsContentType><itemSize Sync="TRUE">0.000</itemSize><itemLocation><linkage Sync="TRUE">file://\\MOSPINP1\D$\EEPeI\Identificaciones\ColectoresSabaneta\final\shp\AreasResidual.shp</linkage><protocol Sync="TRUE">Local Area Network</protocol></itemLocation></itemProps><coordRef><type Sync="TRUE">Geographic</type><geogcsn Sync="TRUE">GCS_MAGNA</geogcsn><csUnits Sync="TRUE">Angular Unit: Degree (0.017453)</csUnits><peXml Sync="TRUE">&lt;GeographicCoordinateSystem xsi:type='typens:GeographicCoordinateSystem' xmlns:xsi='http://www.w3.org/2001/XMLSchema-instance' xmlns:xs='http://www.w3.org/2001/XMLSchema' xmlns:typens='http://www.esri.com/schemas/ArcGIS/10.7'&gt;&lt;WKT&gt;GEOGCS[&amp;quot;GCS_MAGNA&amp;quot;,DATUM[&amp;quot;D_MAGNA&amp;quot;,SPHEROID[&amp;quot;GRS_1980&amp;quot;,6378137.0,298.257222101]],PRIMEM[&amp;quot;Greenwich&amp;quot;,0.0],UNIT[&amp;quot;Degree&amp;quot;,0.0174532925199433],AUTHORITY[&amp;quot;EPSG&amp;quot;,4686]]&lt;/WKT&gt;&lt;XOrigin&gt;-399.99999999999989&lt;/XOrigin&gt;&lt;YOrigin&gt;-399.99999999999989&lt;/YOrigin&gt;&lt;XYScale&gt;11258999068426.24&lt;/XYScale&gt;&lt;ZOrigin&gt;-100000&lt;/ZOrigin&gt;&lt;ZScale&gt;10000&lt;/ZScale&gt;&lt;MOrigin&gt;-100000&lt;/MOrigin&gt;&lt;MScale&gt;10000&lt;/MScale&gt;&lt;XYTolerance&gt;8.9831528411952117e-09&lt;/XYTolerance&gt;&lt;ZTolerance&gt;0.001&lt;/ZTolerance&gt;&lt;MTolerance&gt;0.001&lt;/MTolerance&gt;&lt;HighPrecision&gt;true&lt;/HighPrecision&gt;&lt;LeftLongitude&gt;-180&lt;/LeftLongitude&gt;&lt;WKID&gt;4686&lt;/WKID&gt;&lt;LatestWKID&gt;4686&lt;/LatestWKID&gt;&lt;/GeographicCoordinateSystem&gt;</peXml></coordRef></DataProperties><SyncDate>20210507</SyncDate><SyncTime>11020600</SyncTime><ModDate>20210507</ModDate><ModTime>11020600</ModTime></Esri><dataIdInfo><envirDesc Sync="TRUE"> Version 6.2 (Build 9200) ; Esri ArcGIS 10.7.1.11595</envirDesc><dataLang><languageCode value="spa" Sync="TRUE"></languageCode><countryCode value="COL" Sync="TRUE"></countryCode></dataLang><idCitation><resTitle Sync="TRUE">AreasResidual</resTitle><presForm><PresFormCd value="005" Sync="TRUE"></PresFormCd></presForm></idCitation><spatRpType><SpatRepTypCd value="001" Sync="TRUE"></SpatRepTypCd></spatRpType></dataIdInfo><mdLang><languageCode value="spa" Sync="TRUE"></languageCode><countryCode value="COL" Sync="TRUE"></countryCode></mdLang><mdChar><CharSetCd value="004" Sync="TRUE"></CharSetCd></mdChar><distInfo><distFormat><formatName Sync="TRUE">Shapefile</formatName></distFormat><distTranOps><transSize Sync="TRUE">0.000</transSize></distTranOps></distInfo><mdHrLv><ScopeCd value="005" Sync="TRUE"></ScopeCd></mdHrLv><mdHrLvName Sync="TRUE">dataset</mdHrLvName><refSysInfo><RefSystem><refSysID><identCode code="4686" Sync="TRUE"></identCode><idCodeSpace Sync="TRUE">EPSG</idCodeSpace><idVersion Sync="TRUE">7.6.4(9.2.0)</idVersion></refSysID></RefSystem></refSysInfo><spatRepInfo><VectSpatRep><geometObjs Name="AreasResidual"><geoObjTyp><GeoObjTypCd value="002" Sync="TRUE"></GeoObjTypCd></geoObjTyp><geoObjCnt Sync="TRUE">0</geoObjCnt></geometObjs><topLvl><TopoLevCd value="001" Sync="TRUE"></TopoLevCd></topLvl></VectSpatRep></spatRepInfo><spdoinfo><ptvctinf><esriterm Name="AreasResidual"><efeatyp Sync="TRUE">Simple</efeatyp><efeageom code="4" Sync="TRUE"></efeageom><esritopo Sync="TRUE">FALSE</esritopo><efeacnt Sync="TRUE">0</efeacnt><spindex Sync="TRUE">FALSE</spindex><linrefer Sync="TRUE">FALSE</linrefer></esriterm></ptvctinf></spdoinfo><eainfo><detailed Name="AreasResidual"><enttyp><enttypl Sync="TRUE">AreasResidual</enttypl><enttypt Sync="TRUE">Feature Class</enttypt><enttypc Sync="TRUE">0</enttypc></enttyp><attr><attrlabl Sync="TRUE">FID</attrlabl><attalias Sync="TRUE">FID</attalias><attrtype Sync="TRUE">OID</attrtype><attwidth Sync="TRUE">4</attwidth><atprecis Sync="TRUE">0</atprecis><attscale Sync="TRUE">0</attscale><attrdef Sync="TRUE">Internal feature number.</attrdef><attrdefs Sync="TRUE">Esri</attrdefs><attrdomv><udom Sync="TRUE">Sequential unique whole numbers that are automatically generated.</udom></attrdomv></attr><attr><attrlabl Sync="TRUE">Shape</attrlabl><attalias Sync="TRUE">Shape</attalias><attrtype Sync="TRUE">Geometry</attrtype><attwidth Sync="TRUE">0</attwidth><atprecis Sync="TRUE">0</atprecis><attscale Sync="TRUE">0</attscale><attrdef Sync="TRUE">Feature geometry.</attrdef><attrdefs Sync="TRUE">Esri</attrdefs><attrdomv><udom Sync="TRUE">Coordinates defining the features.</udom></attrdomv></attr><attr><attrlabl Sync="TRUE">ID</attrlabl><attalias Sync="TRUE">ID</attalias><attrtype Sync="TRUE">String</attrtype><attwidth Sync="TRUE">254</attwidth><atprecis Sync="TRUE">0</atprecis><attscale Sync="TRUE">0</attscale></attr><attr><attrlabl Sync="TRUE">IPID_TRAMO</attrlabl><attalias Sync="TRUE">IPID_TRAMO</attalias><attrtype Sync="TRUE">String</attrtype><attwidth Sync="TRUE">254</attwidth><atprecis Sync="TRUE">0</atprecis><attscale Sync="TRUE">0</attscale></attr><attr><attrlabl Sync="TRUE">IPID_DESC</attrlabl><attalias Sync="TRUE">IPID_DESC</attalias><attrtype Sync="TRUE">String</attrtype><attwidth Sync="TRUE">254</attwidth><atprecis Sync="TRUE">0</atprecis><attscale Sync="TRUE">0</attscale></attr><attr><attrlabl Sync="TRUE">IPID_INIC</attrlabl><attalias Sync="TRUE">IPID_INIC</attalias><attrtype Sync="TRUE">String</attrtype><attwidth Sync="TRUE">254</attwidth><atprecis Sync="TRUE">0</atprecis><attscale Sync="TRUE">0</attscale></attr><attr><attrlabl Sync="TRUE">IPID_FIN</attrlabl><attalias Sync="TRUE">IPID_FIN</attalias><attrtype Sync="TRUE">String</attrtype><attwidth Sync="TRUE">20</attwidth><atprecis Sync="TRUE">0</atprecis><attscale Sync="TRUE">0</attscale></attr><attr><attrlabl Sync="TRUE">Q_Sist_lps</attrlabl><attalias Sync="TRUE">Q_Sist_lps</attalias><attrtype Sync="TRUE">Double</attrtype><attwidth Sync="TRUE">11</attwidth><atprecis Sync="TRUE">10</atprecis><attscale Sync="TRUE">5</attscale></attr><attr><attrlabl Sync="TRUE">AREA</attrlabl><attalias Sync="TRUE">AREA</attalias><attrtype Sync="TRUE">Double</attrtype><attwidth Sync="TRUE">11</attwidth><atprecis Sync="TRUE">10</atprecis><attscale Sync="TRUE">6</attscale></attr><attr><attrlabl Sync="TRUE">CUENCA</attrlabl><attalias Sync="TRUE">CUENCA</attalias><attrtype Sync="TRUE">String</attrtype><attwidth Sync="TRUE">10</attwidth><atprecis Sync="TRUE">0</atprecis><attscale Sync="TRUE">0</attscale></attr><attr><attrlabl Sync="TRUE">Kcr</attrlabl><attalias Sync="TRUE">Kcr</attalias><attrtype Sync="TRUE">Double</attrtype><attwidth Sync="TRUE">11</attwidth><atprecis Sync="TRUE">10</atprecis><attscale Sync="TRUE">3</attscale></attr><attr><attrlabl Sync="TRUE">Q_Calibrad</attrlabl><attalias Sync="TRUE">Q_Calibrad</attalias><attrtype Sync="TRUE">Double</attrtype><attwidth Sync="TRUE">11</attwidth><atprecis Sync="TRUE">10</atprecis><attscale Sync="TRUE">5</attscale></attr><attr><attrlabl Sync="TRUE">Qp_2027</attrlabl><attalias Sync="TRUE">Qp_2027</attalias><attrtype Sync="TRUE">Double</attrtype><attwidth Sync="TRUE">11</attwidth><atprecis Sync="TRUE">10</atprecis><attscale Sync="TRUE">9</attscale></attr><attr><attrlabl Sync="TRUE">Qp_2047</attrlabl><attalias Sync="TRUE">Qp_2047</attalias><attrtype Sync="TRUE">Double</attrtype><attwidth Sync="TRUE">11</attwidth><atprecis Sync="TRUE">10</atprecis><attscale Sync="TRUE">9</attscale></attr></detailed></eainfo><mdDateSt Sync="TRUE">20210507</mdDateSt></metadata>
